<?xml version="1.0"?>
<!DOCTYPE hibernate-mapping PUBLIC 
    "-//Hibernate/Hibernate Mapping DTD 3.0//EN"
    "http://hibernate.sourceforge.net/hibernate-mapping-3.0.dtd">

<hibernate-mapping package="com.qq.map.qqappointment.model"> 
    <class name="Comment" table="t_comment">
        <id name="id" column="ID" type="string">
           <generator class="uuid"/>
        </id>
        <many-to-one name="orgAppointment"   column="APPOINTMENT_ID" not-null="true"/>
        <many-to-one name="creator"   column="CREATOR_ID" not-null="true"/>
        <many-to-one name="parentComment" column="PARRENT_COMMENT_ID" not-null="false"/>
        <property name="content" column="CONTENT" type="string"/>
        <property name="createTime" column="CREATE_TIME" type="java.util.Date"/>
        <property name="modifyTime" column="MODIFY_TIME" type="java.util.Date"/>
        <set name="subComments" inverse="true" lazy="true" cascade="save-update">
            <key column="PARRENT_COMMENT_ID" />
            <one-to-many class="Comment"/>
        </set>
    </class>
    
</hibernate-mapping>
