<?xml version="1.0"?>
<!DOCTYPE hibernate-mapping PUBLIC 
    "-//Hibernate/Hibernate Mapping DTD 3.0//EN"
    "http://hibernate.sourceforge.net/hibernate-mapping-3.0.dtd">

<hibernate-mapping package="com.qq.map.qqappointment.model"> 
    <class name="Resource" table="t_resource">
        <id name="id" column="ID" type="string">
           <generator class="uuid"/>
        </id>
        <property name="resourceName" column="RESOURCE_NAME" type="string" length="255"/>
        <many-to-one name="orgAppointment"   column="APPOINTMENT_ID" not-null="true"/>
        <property name="resourceUri" column="RESOURCE_URI" type="string"  length="255"/>
        <property name="type" column="TYPE" type="string"  length="50"/>
        <property name="size" column="SIZE" type="long"/>
        <property name="uploadtime" column="UPLOAD_TIME" type="java.util.Date"/>
        <property name="introduction" column="INTRODUCTION" type="string"/>
        <many-to-one name="creator"   column="CREATOR_ID" not-null="true"/>
    </class>
    
</hibernate-mapping>
