<?xml version="1.0"?>
<!DOCTYPE hibernate-mapping PUBLIC 
    "-//Hibernate/Hibernate Mapping DTD 3.0//EN"
    "http://hibernate.sourceforge.net/hibernate-mapping-3.0.dtd">

<hibernate-mapping package="com.qq.map.qqappointment.model">
	<class name="User" table="t_user">
		<id name="id" column="ID" type="string">
			<generator class="uuid" />
		</id>

		<property name="nickName" column="NICK_NAME" type="string"
			length="255" />
		<property name="userName" column="USER_NAME" type="string"
			not-null="true" unique="true" />
		<property name="password" column="PASSWORD" type="string"
			length="25" not-null="true" />
		<property name="iconUrl" column="ICON_URL" type="string"
			length="255" />
		<property name="location" column="LOCATION" type="string" />
		<property name="phone" column="PHONE_NUM" type="string"
			length="25" />
		<property name="email" column="EMAIL" type="string" length="50" />
		<property name="longitude" column="LONGITUDE" type="string"
			length="64" />
		<property name="latitude" column="LATITUDE" type="string"
			length="64" />
		<property name="keyWords" column="KEYWORDS" type="string"/>

		<set name="createdAppointments" inverse="true" lazy="true"
			cascade="save-update">
			<key column="CREATOR_ID" />
			<one-to-many class="Appointment" />
		</set>
		<set name="createdResources" inverse="true" lazy="true" cascade="save-update">
			<key column="CREATOR_ID" />
			<one-to-many class="Resource" />
		</set>
		<set name="createdComments" inverse="true" lazy="true" cascade="save-update">
			<key column="CREATOR_ID" />
			<one-to-many class="Comment" />
		</set>
		<set name="canAttendAppointments" table="t_app_user" lazy="true"
			cascade="save-update">
			<key column="USER_ID" />
			<many-to-many class="Appointment" column="APPOINTMENT_ID" />
		</set>
	</class>

</hibernate-mapping>
