<?xml version="1.0" encoding="utf-8"?>
<!DOCTYPE hibernate-configuration PUBLIC "-//Hibernate/Hibernate Configuration DTD//EN"
                                         "http://hibernate.sourceforge.net/hibernate-configuration-3.0.dtd">
<hibernate-configuration>
	<session-factory>
		<!-- local connection properties -->
		<property name="hibernate.connection.url">jdbc:mysql://localhost:3306/qqappointment?useUnicode=true&amp;characterEncoding=utf8&amp;autoReconnect=true&amp;autoReconnectForPools=true</property>
		<property name="hibernate.connection.driver_class">com.mysql.jdbc.Driver</property>
		<property name="hibernate.connection.username">admin</property>
		<property name="hibernate.connection.password">123456</property>
		<!-- dialect for MySQL -->
		<property name="hibernate.dialect">org.hibernate.dialect.MySQLDialect</property>
		<property name="hibernate.show_sql">true</property>
		<property name="hibernate.transaction.factory_class">org.hibernate.transaction.JDBCTransactionFactory</property>
		<!-- Enable Hibernate's automatic session context management -->
		<property name="hibernate.current_session_context_class">thread</property>
		<!--C3P0 Configuration-->
		<property name="hibernate.connection.pool_size">2</property>
		<!-- 最大连接数 -->
		<property name="hibernate.c3p0.max_size">20</property>
		<!-- 最小连接数 -->
		<property name="hibernate.c3p0.min_size">5</property>
		<!-- 获得连接的超时时间,如果超过这个时间,会抛出异常，单位毫秒 -->
		<property name="hibernate.c3p0.timeout">120</property>
		<!-- 最大的PreparedStatement的数量 -->
		<property name="hibernate.c3p0.max_statements">100</property>
		<!-- 每隔120秒检查连接池里的空闲连接 ，单位是秒-->
		<property name="hibernate.c3p0.idle_test_period">120</property>
		<!-- 当连接池里面的连接用完的时候，C3P0一下获取的新的连接数 -->
		<property name="hibernate.c3p0.acquire_increment">2</property>
		<!-- 每次都验证连接是否可用 -->
		<property name="hibernate.c3p0.validate">false</property>
		<!-- HBM mapping files -->
		<mapping resource="com/qq/map/qqappointment/model/Appointment.hbm.xml" />
		<mapping resource="com/qq/map/qqappointment/model/User.hbm.xml" />
		<mapping resource="com/qq/map/qqappointment/model/Resource.hbm.xml" />
		<mapping resource="com/qq/map/qqappointment/model/Comment.hbm.xml" />
	</session-factory>
</hibernate-configuration>
